Experte, 66
Experte, 59
Experte, 46
Experte, 39
Experte, 95
Experte, 63
Experte, 42
Experte, 27
Experte, 97
Experte, 22
Experte, 69
Experte, 17
Experte, 17
Experte, 58
Experte, 14
Experte, 42
Experte, 25
Experte, 73
Experte, 58
Experte, 60
Experte, 58
Experte, 78
Experte, 60
Experte, 64
Experte, 53
Experte, 85
Experte, 89
Experte, 67
Experte, 61
Experte, 82
Experte, 15
Experte, 35
Experte, 46
Experte, 40
Experte, 30
Experte, 62
Experte, 86
Experte, 46
Experte, 33
Experte, 51
Experte, 35
Experte, 47
Experte, 50
Experte, 31
Experte, 42
Experte, 56
Experte, 44
Experte, 29
Experte, 53
Experte, 54
Agent_1, 20
Agent_1, 13
Agent_1, 25
Agent_1, 3
Agent_1, 6
Agent_1, 23
Agent_1, 10
Agent_1, 45
Agent_1, 3
Agent_1, 28
Agent_1, 4
Agent_1, 18
Agent_1, 26
Agent_1, 18
Agent_1, 11
Agent_1, 20
Agent_1, 22
Agent_1, 16
Agent_1, 25
Agent_1, 10
Agent_1, 3
Agent_1, 26
Agent_1, 3
Agent_1, 15
Agent_1, 30
Agent_1, 3
Agent_1, 9
Agent_1, 22
Agent_1, 4
Agent_1, 12
